Player,G,PTS,TRB,AST,STL,BLK,TOV,FGA,FG,FTA,FT,3PA,3P,PER
Precious Achiuwa,55,9.85,6.43,0.96,0.64,0.54,1.18,7.82,3.86,2.46,1.71,2.14,0.54,0.22
Steven Adams,42,11.59,15.5,3.1,1.21,1.48,2.56,8.49,4.99,4.18,1.48,0.0,0.0,0.58
Bam Adebayo,75,19.14,8.63,3.0,1.13,0.75,2.35,13.98,7.51,5.07,4.03,0.19,0.0,0.3
Ochai Agbaji,59,6.36,1.69,0.89,0.24,0.24,0.56,5.23,2.25,0.97,0.72,3.14,1.13,0.1
Santi Aldama,77,6.2,3.31,0.9,0.41,0.41,0.55,4.68,2.2,1.31,0.96,2.41,0.83,0.1
Nickeil Alexander-Walker,59,4.63,1.27,1.34,0.37,0.3,0.67,3.74,1.64,0.75,0.52,2.02,0.75,0.08
Nickeil Alexander-Walker,36,7.44,1.89,2.48,0.83,0.47,1.53,5.55,2.71,1.3,0.94,2.83,1.18,0.24
Nickeil Alexander-Walker,23,6.98,2.13,1.66,0.36,0.36,0.47,6.39,2.49,1.07,0.71,3.67,1.3,0.3
Grayson Allen,72,7.62,2.42,1.69,0.66,0.15,0.73,5.64,2.49,1.32,1.17,3.74,1.47,0.12
Jarrett Allen,68,16.54,11.33,1.97,0.93,1.39,1.62,10.64,6.82,3.82,2.78,0.12,0.0,0.38
Jose Alvarado,61,7.34,1.88,2.45,0.9,0.16,1.06,6.52,2.69,1.06,0.9,3.26,1.14,0.12
Kyle Anderson,69,6.72,3.79,3.5,0.79,0.64,1.07,5.14,2.64,1.43,1.0,1.07,0.43,0.16
Giannis Antetokounmpo,63,30.77,11.67,5.64,0.79,0.79,3.86,20.08,11.08,12.17,7.82,2.67,0.69,0.51
Thanasis Antetokounmpo,37,1.21,1.04,0.35,0.09,0.09,0.26,1.04,0.43,0.52,0.26,0.17,0.0,0.04
Cole Anthony,60,11.48,4.24,3.44,0.53,0.44,1.32,9.01,4.06,2.47,2.21,3.0,1.15,0.23
OG Anunoby,67,21.44,6.38,2.55,2.42,0.89,2.55,16.85,8.04,3.19,2.68,7.02,2.68,0.33
Ryan Arcidiacono,20,1.55,0.95,1.43,0.36,0.0,0.48,2.26,0.59,0.0,0.0,1.43,0.48,0.11
Ryan Arcidiacono,11,0.4,0.53,0.26,0.26,0.0,0.13,0.66,0.13,0.0,0.0,0.4,0.13,0.07
Ryan Arcidiacono,9,3.15,1.45,2.78,0.36,0.0,0.85,4.36,1.09,0.0,0.0,2.66,0.97,0.4
Deni Avdija,76,7.3,5.08,2.22,0.71,0.32,1.27,6.03,2.62,1.75,1.27,2.46,0.71,0.13
Deandre Ayton,67,21.43,11.91,2.02,0.71,0.95,2.14,15.72,9.29,3.57,2.74,0.48,0.12,0.42
Udoka Azubuike,36,3.82,3.6,0.33,0.22,0.44,0.55,2.18,1.75,0.66,0.22,0.0,0.0,0.2
Marvin Bagley III,42,15.05,8.03,1.13,0.63,0.88,1.38,11.41,6.02,3.26,2.38,2.01,0.63,0.43
Patrick Baldwin Jr.,31,4.54,1.51,0.47,0.23,0.12,0.47,4.08,1.63,0.23,0.12,3.14,1.16,0.13
LaMelo Ball,36,38.45,10.56,13.86,2.15,0.5,5.94,33.0,13.53,5.61,4.62,17.49,6.6,1.09
Mo Bamba,49,7.24,5.05,0.99,0.33,0.99,0.66,5.38,2.63,1.43,0.88,2.74,1.1,0.22
Mo Bamba,40,9.27,5.84,1.4,0.38,1.27,0.76,6.86,3.43,1.65,1.14,3.43,1.4,0.33
Mo Bamba,9,4.86,6.04,0.53,0.13,0.79,1.18,3.94,1.58,1.58,0.92,2.36,0.79,0.91
Paolo Banchero,72,15.58,5.37,2.88,0.62,0.39,2.18,12.15,5.22,5.76,4.28,3.12,0.93,0.19
Desmond Bane,58,26.77,6.23,5.48,1.25,0.5,2.74,20.17,9.71,4.36,3.86,8.72,3.61,0.46
Dalano Banton,31,5.11,1.67,1.33,0.44,0.44,0.67,4.67,2.0,0.89,0.56,1.78,0.56,0.17
Dominick Barlow,28,4.62,4.27,1.07,0.47,0.83,0.59,3.68,1.9,1.07,0.71,0.12,0.0,0.31
Harrison Barnes,82,7.39,2.22,0.79,0.34,0.05,0.49,4.73,2.27,2.46,2.12,2.12,0.79,0.09
Scottie Barnes,77,11.65,5.03,3.65,0.84,0.61,1.52,10.05,4.57,2.44,1.9,2.21,0.61,0.18
RJ Barrett,73,13.72,3.5,1.96,0.28,0.14,1.54,11.27,4.9,3.78,2.8,3.71,1.19,0.15
Will Barton,56,5.36,1.89,1.58,0.39,0.16,0.71,5.12,1.97,0.63,0.55,2.52,0.95,0.09
Will Barton,40,8.45,3.07,2.63,0.44,0.33,1.21,7.79,3.07,1.21,0.99,3.84,1.43,0.22
Will Barton,16,5.58,1.98,1.36,0.87,0.25,0.25,6.07,2.23,0.12,0.12,3.22,1.12,0.37
Charles Bassey,35,7.7,7.43,1.76,0.68,1.22,1.62,5.27,3.38,1.49,0.81,0.27,0.14,0.42
Keita Bates-Diop,67,6.25,2.38,0.97,0.45,0.19,0.52,4.44,2.25,1.42,1.16,1.35,0.52,0.11
Nicolas Batum,78,3.86,2.41,1.01,0.44,0.38,0.38,3.1,1.33,0.38,0.25,2.6,1.01,0.08
Darius Bazley,43,4.98,3.06,0.86,0.48,0.77,0.57,4.12,1.82,1.53,0.86,1.15,0.48,0.15
Darius Bazley,36,5.78,3.64,0.96,0.54,0.86,0.64,4.71,2.14,1.93,1.07,1.39,0.54,0.21
Darius Bazley,7,4.39,2.53,0.99,0.44,0.77,0.77,3.96,1.87,0.77,0.33,1.21,0.33,0.83
Bradley Beal,50,28.87,4.85,6.72,1.12,0.87,3.61,21.9,11.07,5.72,4.73,5.47,1.99,0.54
Malik Beasley,81,9.95,2.74,1.18,0.63,0.08,0.86,9.09,3.6,0.63,0.47,6.35,2.27,0.1
Malik Beasley,55,16.99,4.57,2.16,1.01,0.13,1.4,15.47,6.09,1.01,0.89,10.91,3.93,0.25
Malik Beasley,26,17.54,5.22,1.9,1.26,0.0,1.9,16.28,6.32,1.26,0.79,11.38,3.95,0.52
MarJon Beauchamp,52,4.61,1.99,0.63,0.36,0.09,0.81,4.25,1.63,0.63,0.45,2.44,0.81,0.08
DÄvis BertÄns,45,4.29,1.12,0.47,0.19,0.19,0.19,3.36,1.4,0.28,0.28,2.89,1.12,0.09
Patrick Beverley,67,4.75,2.83,2.22,0.69,0.46,0.69,4.13,1.61,0.77,0.54,2.76,0.92,0.11
Patrick Beverley,45,7.23,3.5,2.94,1.02,0.68,1.02,6.1,2.49,1.24,1.02,3.96,1.36,0.24
Patrick Beverley,22,7.96,6.73,4.81,1.37,0.96,1.1,7.41,2.88,0.96,0.55,5.08,1.51,0.71
Saddiq Bey,77,9.13,3.11,0.99,0.6,0.13,0.6,7.21,3.04,2.05,1.79,3.57,1.32,0.12
Saddiq Bey,52,15.84,5.03,1.71,1.07,0.21,1.07,12.52,5.03,4.28,3.75,5.99,2.03,0.29
Saddiq Bey,25,15.46,6.4,1.87,1.07,0.0,0.93,12.26,5.73,1.6,1.33,6.66,2.67,0.68
Khem Birch,20,2.69,1.59,0.49,0.37,0.37,0.49,1.96,1.22,0.37,0.24,0.12,0.12,0.21
Goga Bitadze,38,4.83,3.95,1.1,0.44,0.77,0.66,3.62,1.98,1.21,0.66,0.77,0.22,0.22
Goga Bitadze,21,4.03,2.81,1.1,0.49,0.61,0.73,3.05,1.59,1.34,0.61,0.86,0.24,0.29
Goga Bitadze,17,7.54,6.76,1.56,0.52,1.17,0.78,5.59,3.25,1.43,0.91,0.91,0.13,0.82
Bismack Biyombo,61,3.68,3.68,0.77,0.26,1.2,0.68,2.91,1.71,0.94,0.34,0.0,0.0,0.12
Buddy Boeheim,10,2.37,0.89,0.59,0.3,0.0,0.0,4.0,0.74,0.3,0.3,3.71,0.59,0.09
Bogdan BogdanoviÄ‡,54,15.56,3.45,3.11,0.89,0.33,1.33,12.56,5.67,1.56,1.33,7.45,3.0,0.28
Bojan BogdanoviÄ‡,59,24.32,4.28,2.93,0.68,0.11,2.59,16.78,8.22,5.74,5.07,6.76,2.82,0.35
Bol Bol,70,10.38,6.62,1.14,0.46,1.37,1.82,7.76,4.22,1.71,1.37,1.82,0.46,0.21
Leandro Bolmaro,14,0.55,0.68,0.68,0.27,0.14,0.68,1.91,0.27,0.0,0.0,0.41,0.0,0.0
Devin Booker,53,31.84,5.15,6.3,1.15,0.34,3.09,23.02,11.34,7.79,6.64,6.87,2.41,0.55
Brandon Boston Jr.,22,6.61,1.42,0.92,0.41,0.0,0.51,5.59,2.34,1.73,1.32,1.32,0.51,0.23
Chris Boucher,76,6.63,3.88,0.28,0.42,0.56,0.35,4.94,2.4,1.55,1.2,1.76,0.56,0.11
James Bouknight,34,6.56,2.46,1.41,0.47,0.12,1.05,6.68,2.34,1.05,0.7,3.75,1.17,0.15
Jamaree Bouyea,5,3.34,1.33,0.89,0.89,0.44,0.89,3.11,1.33,0.44,0.22,1.33,0.44,0.8
Jamaree Bouyea,4,2.98,1.02,0.79,0.79,0.39,0.79,2.59,1.18,0.39,0.24,1.02,0.39,0.9
Jamaree Bouyea,1,0.0,1.65,0.0,0.0,0.0,0.0,1.65,0.0,0.0,0.0,1.65,0.0,0.0
Tony Bradley,12,1.98,1.11,0.12,0.12,0.12,0.12,1.24,0.62,0.37,0.37,0.49,0.37,0.22
Malaki Branham,66,7.84,2.07,1.46,0.38,0.08,0.92,7.14,3.15,0.85,0.69,3.0,0.92,0.1
Jarrell Brantley,4,2.13,0.58,0.31,0.0,0.19,0.19,1.36,0.78,0.19,0.19,0.89,0.39,0.61
Christian Braun,76,1.62,0.83,0.28,0.17,0.07,0.17,1.31,0.66,0.28,0.17,0.45,0.14,0.03
Mikal Bridges,83,13.51,2.96,2.22,0.74,0.47,1.01,10.28,4.77,2.89,2.55,3.56,1.34,0.15
Mikal Bridges,56,18.61,4.65,3.9,1.3,0.87,1.52,14.72,6.82,3.35,3.03,5.09,1.95,0.35
Mikal Bridges,27,35.39,6.1,3.66,1.36,0.81,2.44,25.22,12.07,8.95,8.0,9.09,3.39,1.14
Oshae Brissett,65,3.55,1.98,0.41,0.29,0.12,0.29,2.85,1.11,1.28,0.93,1.4,0.41,0.06
Malcolm Brogdon,67,11.71,3.3,2.91,0.55,0.24,1.18,8.57,4.17,2.12,1.89,3.46,1.57,0.19
Dillon Brooks,73,9.79,2.26,1.78,0.62,0.14,0.96,9.31,3.7,1.44,1.1,4.11,1.37,0.1
Bruce Brown,80,7.31,2.61,2.16,0.7,0.38,0.95,5.91,2.86,1.21,0.95,2.04,0.7,0.11
Greg Brown III,16,2.26,1.51,0.25,0.38,0.38,0.5,2.26,0.88,1.01,0.38,0.5,0.13,0.14
Jaylen Brown,67,36.96,9.59,4.86,1.53,0.56,4.03,28.63,14.04,7.09,5.42,10.14,3.34,0.5
Kendall Brown,6,1.7,1.13,0.57,0.79,0.0,0.34,1.36,0.79,0.34,0.23,0.23,0.0,0.53
Moses Brown,36,4.01,3.64,0.09,0.09,0.37,0.37,2.52,1.59,1.87,0.84,0.0,0.0,0.16
Moses Brown,34,4.44,3.96,0.1,0.1,0.39,0.39,2.71,1.74,2.03,0.97,0.0,0.0,0.19
Moses Brown,2,0.0,0.0,0.0,0.82,0.0,0.82,0.0,0.0,0.0,0.0,0.0,0.0,0.0
Sterling Brown,4,0.0,2.09,0.52,0.84,0.0,0.0,1.04,0.0,0.0,0.0,0.52,0.0,0.6
Troy Brown Jr.,76,4.27,2.46,0.78,0.48,0.12,0.36,3.67,1.56,0.3,0.24,2.22,0.84,0.07
Jalen Brunson,68,12.99,1.89,3.36,0.49,0.11,1.14,9.52,4.65,3.14,2.6,2.54,1.08,0.18
Thomas Bryant,59,8.78,5.1,0.45,0.27,0.45,0.54,5.64,3.49,1.88,1.43,0.9,0.36,0.21
Thomas Bryant,41,15.07,8.47,0.87,0.37,0.75,0.87,9.09,5.98,3.24,2.49,1.49,0.62,0.51
Thomas Bryant,18,5.88,4.22,0.13,0.13,0.51,0.77,4.86,2.3,1.28,0.89,0.64,0.26,0.4
Reggie Bullock,78,4.35,2.17,0.84,0.42,0.12,0.3,3.62,1.51,0.3,0.18,3.08,1.15,0.07
Alec Burks,51,11.5,2.79,1.98,0.63,0.18,0.99,8.09,3.5,3.32,2.7,4.22,1.71,0.22
Deonte Burton,2,0.0,0.0,0.0,0.0,0.0,0.0,1.98,0.0,0.0,0.0,0.99,0.0,-0.99
Jared Butler,6,5.21,0.59,1.09,0.67,0.0,0.67,4.45,2.1,0.0,0.0,1.93,1.01,0.76
Jimmy Butler,64,13.43,3.46,3.11,1.06,0.18,0.94,8.15,4.4,5.1,4.34,0.94,0.35,0.25
John Butler,19,3.19,1.2,0.8,0.53,0.66,0.13,3.72,1.2,0.27,0.27,2.39,0.53,0.2
Jamal Cain,18,6.16,3.31,0.8,0.68,0.11,0.34,4.22,2.4,1.37,1.03,1.25,0.46,0.48
Kentavious Caldwell-Pope,76,6.99,1.75,1.55,0.97,0.32,0.71,5.37,2.46,1.04,0.91,2.72,1.17,0.1
Facundo Campazzo,8,1.71,0.39,1.44,1.05,0.0,0.52,2.1,0.52,0.39,0.13,1.84,0.52,0.28
Vlatko ÄŒanÄar,60,3.35,1.41,0.87,0.27,0.13,0.4,2.55,1.21,0.47,0.4,1.27,0.47,0.07
Clint Capela,65,14.3,13.11,1.07,0.83,1.43,0.95,9.77,6.43,2.38,1.43,0.0,0.0,0.39
Vernon Carey Jr.,11,0.65,1.31,0.39,0.26,0.26,0.26,0.91,0.26,0.26,0.26,0.0,0.0,0.18
Jevon Carter,81,3.78,1.18,1.13,0.38,0.19,0.47,3.31,1.42,0.24,0.19,1.98,0.85,0.05
Wendell Carter Jr.,57,20.64,11.81,3.12,0.68,0.81,2.58,14.66,7.6,4.62,3.39,5.29,1.9,0.46
Michael Carter-Williams,4,2.46,0.74,1.03,0.17,0.17,0.57,2.01,0.86,1.03,0.57,0.46,0.17,0.6
Alex Caruso,67,4.33,2.24,2.24,1.16,0.54,0.85,3.32,1.47,0.85,0.7,1.78,0.62,0.12
Julian Champagnie,17,13.49,4.87,0.83,0.56,0.42,0.83,10.57,4.87,1.39,1.11,6.67,2.64,0.78
Julian Champagnie,2,0.0,0.0,0.0,0.88,0.0,0.0,1.77,0.0,0.0,0.0,0.88,0.0,-0.44
Julian Champagnie,15,14.82,5.39,0.94,0.4,0.4,0.94,11.45,5.25,1.48,1.21,7.27,2.96,0.97
Justin Champagnie,5,2.18,1.58,0.79,0.2,0.0,0.0,2.97,0.99,0.0,0.0,0.99,0.2,0.55
Justin Champagnie,3,0.88,0.57,0.13,0.0,0.0,0.0,0.44,0.44,0.0,0.0,0.0,0.0,0.53
Justin Champagnie,2,1.96,1.57,1.18,0.39,0.0,0.0,4.71,0.78,0.0,0.0,1.96,0.39,0.59
Kennedy Chandler,36,1.9,0.95,1.38,0.26,0.09,0.43,1.98,0.86,0.34,0.17,0.34,0.09,0.08
Max Christie,41,2.86,1.66,0.46,0.18,0.18,0.28,2.4,1.02,0.37,0.28,1.38,0.55,0.09
Josh Christopher,64,3.42,0.65,0.65,0.29,0.12,0.53,3.01,1.41,0.53,0.41,0.83,0.18,0.05
Brandon Clarke,56,9.81,5.4,1.28,0.59,0.69,0.98,6.08,4.02,2.35,1.77,0.1,0.0,0.26
Jordan Clarkson,61,26.33,5.06,5.57,0.63,0.25,3.8,21.39,9.49,5.06,4.18,9.49,3.16,0.35
Nic Claxton,76,14.91,10.89,2.25,1.07,2.96,1.54,9.11,6.39,3.79,2.13,0.0,0.0,0.34
Amir Coffey,50,2.01,0.65,0.65,0.06,0.06,0.24,1.72,0.65,0.77,0.59,0.47,0.12,0.04
John Collins,71,14.18,7.04,1.3,0.65,1.08,1.19,10.82,5.52,2.71,2.16,3.68,1.08,0.24
Zach Collins,63,12.79,7.06,3.2,0.66,0.88,2.21,9.59,4.96,2.54,1.87,2.54,0.99,0.28
Chance Comanche,1,-32.26,-13.83,-0.0,-0.0,-4.61,-0.0,-23.04,-13.83,-18.44,-4.61,-0.0,-0.0,-27.65
Mike Conley,67,6.98,1.58,3.93,0.64,0.12,0.88,5.33,2.29,1.47,1.23,3.05,1.17,0.13
Mike Conley,43,9.58,2.24,6.89,0.89,0.18,1.52,7.79,3.22,1.97,1.61,4.47,1.61,0.31
Mike Conley,24,15.24,3.37,5.44,1.31,0.22,1.31,10.67,4.9,3.27,2.83,6.31,2.61,0.75
Pat Connaughton,61,7.18,4.35,1.23,0.57,0.19,0.47,6.52,2.55,0.66,0.38,5.01,1.7,0.14
Xavier Cooks,10,4.34,4.34,0.68,0.68,0.46,0.91,3.2,1.94,1.14,0.46,0.11,0.0,0.76
Robert Covington,48,6.65,3.88,1.33,0.89,0.78,0.78,5.32,2.33,0.89,0.67,3.1,1.22,0.2
Torrey Craig,79,5.43,3.96,1.1,0.44,0.59,0.66,4.62,2.13,0.44,0.29,2.35,0.95,0.1
Jae Crowder,18,8.49,4.68,1.85,0.86,0.37,0.49,6.4,3.08,0.86,0.74,3.82,1.6,0.69
Jarrett Culver,10,5.38,4.65,0.73,0.73,0.24,0.86,5.26,2.08,1.59,1.1,1.47,0.12,0.72
Cade Cunningham,12,18.36,5.72,5.53,0.74,0.55,3.04,17.25,7.19,3.32,2.77,4.7,1.29,1.44
Seth Curry,61,6.74,1.17,1.17,0.44,0.07,0.59,5.42,2.49,0.66,0.59,2.78,1.1,0.1
Stephen Curry,56,50.32,10.44,10.78,1.54,0.68,5.48,34.57,17.11,8.56,7.87,19.51,8.39,0.89
Dyson Daniels,59,2.71,2.28,1.64,0.5,0.14,0.71,2.49,1.07,0.5,0.28,1.07,0.36,0.09
Anthony Davis,56,41.73,20.14,4.19,1.77,3.22,3.54,27.71,15.63,12.73,9.99,2.09,0.48,0.93
Johnny Davis,28,6.92,2.75,1.19,0.48,0.36,0.72,7.28,2.86,1.19,0.6,2.98,0.72,0.21
Terence Davis,64,5.14,1.69,0.77,0.54,0.15,0.61,4.37,1.84,0.54,0.38,2.92,1.07,0.08
JD Davison,12,2.0,1.0,1.13,0.25,0.25,0.38,2.0,0.88,0.25,0.13,0.75,0.25,0.25
Darius Days,4,2.95,1.16,0.23,0.0,0.23,0.0,2.33,1.01,0.39,0.39,1.94,0.62,0.81
Dewayne Dedmon,38,5.78,3.89,0.78,0.22,0.56,0.78,4.45,2.22,1.44,1.0,1.11,0.33,0.2
Dewayne Dedmon,30,6.9,4.35,0.6,0.24,0.6,0.73,5.2,2.54,1.81,1.33,1.45,0.48,0.29
Dewayne Dedmon,8,3.57,3.17,1.33,0.31,0.61,0.82,2.86,1.63,0.61,0.1,0.31,0.1,0.81
Matthew Dellavedova,32,1.34,0.36,1.16,0.18,0.0,0.27,1.43,0.45,0.18,0.09,0.71,0.27,0.05
DeMar DeRozan,74,12.93,2.43,2.69,0.58,0.26,1.11,9.29,4.7,3.75,3.27,1.0,0.32,0.17
Moussa DiabatÃ©,22,3.32,2.83,0.25,0.37,0.49,0.49,2.58,1.35,0.86,0.61,0.12,0.0,0.25
Mamadi Diakite,22,3.46,1.86,0.53,0.27,0.53,0.67,3.06,1.46,0.13,0.13,1.33,0.4,0.2
Hamidou Diallo,56,7.17,2.7,0.77,0.69,0.23,1.0,5.17,2.93,2.0,1.23,0.31,0.08,0.14
Gorgui Dieng,31,5.36,4.81,2.33,0.14,0.69,1.37,5.22,2.06,0.55,0.41,3.3,0.96,0.27
Ousmane Dieng,39,5.49,3.03,1.35,0.45,0.22,0.78,5.16,2.13,0.67,0.45,2.8,0.78,0.17
Spencer Dinwiddie,79,7.96,1.57,2.99,0.37,0.14,0.83,6.12,2.67,1.93,1.57,2.85,1.06,0.11
Spencer Dinwiddie,53,16.33,2.86,4.89,0.65,0.28,1.57,12.09,5.54,3.6,2.95,5.91,2.4,0.3
Spencer Dinwiddie,26,14.84,3.69,8.18,0.99,0.27,1.89,12.32,4.95,4.23,3.42,5.13,1.53,0.69
Donte DiVincenzo,72,8.23,3.94,3.07,1.14,0.09,1.4,6.57,2.89,0.88,0.7,4.64,1.84,0.16
Luka DonÄiÄ‡,66,38.19,10.14,9.43,1.65,0.59,4.24,25.93,12.85,12.38,9.19,9.67,3.3,0.6
Tyler Dorsey,3,1.68,0.39,0.0,0.0,0.0,0.0,0.95,0.73,0.0,0.0,0.39,0.17,0.62
Luguentz Dort,74,9.24,3.1,1.42,0.67,0.2,0.81,7.96,3.1,2.36,1.82,3.71,1.21,0.11
Ayo Dosunmu,80,4.19,1.36,1.27,0.39,0.15,0.58,3.46,1.71,0.49,0.39,1.17,0.34,0.06
Devon Dotson,6,0.6,2.05,1.57,0.97,0.0,0.6,2.05,0.24,0.0,0.0,0.85,0.24,0.46
Jeff Dowtin,25,2.4,0.9,1.2,0.4,0.1,0.2,2.3,1.0,0.4,0.2,0.6,0.2,0.13
PJ Dozier,16,1.86,1.19,0.8,0.53,0.13,0.4,2.78,0.8,0.0,0.0,1.33,0.13,0.13
Goran DragiÄ‡,58,3.9,0.87,1.61,0.12,0.06,0.68,3.59,1.49,0.5,0.31,1.55,0.56,0.06
Goran DragiÄ‡,51,4.73,1.03,2.0,0.15,0.07,0.81,4.36,1.85,0.59,0.37,1.85,0.67,0.09
Goran DragiÄ‡,7,5.74,1.74,1.74,0.31,0.0,1.03,5.23,2.05,0.62,0.62,2.46,1.03,0.76
Andre Drummond,67,4.51,4.96,0.38,0.53,0.3,0.83,3.08,1.88,1.43,0.75,0.0,0.0,0.12
Chris Duarte,46,8.06,2.55,1.43,0.51,0.2,0.92,7.34,2.75,1.63,1.33,3.88,1.22,0.15
David Duke Jr.,23,4.42,1.55,1.07,0.48,0.0,0.96,4.06,1.91,0.84,0.6,0.6,0.0,0.18
Kris Dunn,22,12.34,4.21,5.24,1.03,0.47,1.5,9.16,4.96,2.24,1.78,1.5,0.75,0.78
Kevin Durant,47,51.83,11.93,8.91,1.25,2.49,5.88,32.6,18.35,12.65,11.58,8.73,3.56,1.18
Kevin Durant,39,55.95,12.62,9.98,1.51,2.83,6.59,35.42,19.78,13.75,12.81,9.04,3.39,1.53
Kevin Durant,8,-15.03,-3.7,-2.02,-0.17,-0.75,-1.44,-9.25,-5.26,-3.47,-2.89,-2.95,-1.62,-1.96
Jalen Duren,67,9.71,9.49,1.17,0.75,0.96,1.49,6.29,4.16,2.45,1.49,0.0,0.0,0.26
Tari Eason,82,5.94,3.83,0.7,0.77,0.38,0.77,5.11,2.3,1.15,0.83,1.34,0.45,0.1
Anthony Edwards,79,27.47,6.48,4.91,1.79,0.78,3.68,21.77,9.94,5.92,4.47,8.15,3.01,0.31
Kessler Edwards,36,2.93,1.78,0.63,0.42,0.21,0.42,2.72,1.05,0.42,0.31,1.57,0.52,0.1
Kessler Edwards,14,1.55,1.41,0.14,0.28,0.14,0.42,2.39,0.56,0.14,0.14,1.27,0.14,0.08
Kessler Edwards,22,4.9,2.64,1.26,0.63,0.25,0.5,3.89,1.76,0.75,0.63,2.51,0.88,0.31
Keon Ellis,16,1.8,0.6,0.48,0.36,0.12,0.12,1.2,0.48,0.48,0.36,0.96,0.48,0.14
Joel Embiid,66,51.36,15.83,6.52,1.55,2.64,5.28,31.19,17.07,18.16,15.52,4.66,1.55,0.85
Drew Eubanks,78,4.51,3.69,0.89,0.34,0.89,0.61,2.94,1.84,1.09,0.75,0.14,0.07,0.11
Bruno Fernando,39,4.21,3.78,0.86,0.22,0.97,0.65,3.13,1.62,1.4,0.97,0.11,0.0,0.19
Bruno Fernando,31,4.86,4.63,1.19,0.24,1.19,0.71,3.56,1.78,1.66,1.19,0.0,0.0,0.3
Bruno Fernando,8,4.34,2.42,0.13,0.0,0.51,0.77,3.06,1.79,1.02,0.77,0.51,0.0,0.64
Dorian Finney-Smith,66,8.43,4.88,1.52,0.81,0.51,0.91,7.72,3.05,0.91,0.71,5.18,1.73,0.15
Dorian Finney-Smith,40,13.06,6.75,2.15,1.44,0.72,1.29,11.2,4.59,1.44,1.15,7.75,2.73,0.4
Dorian Finney-Smith,26,11.57,7.88,2.57,1.13,0.96,1.61,11.73,4.18,1.13,0.96,7.55,2.25,0.56
Malachi Flynn,53,3.18,0.97,0.9,0.28,0.07,0.35,3.18,1.11,0.41,0.35,1.73,0.62,0.06
Simone Fontecchio,52,5.91,1.6,0.75,0.28,0.19,0.75,5.63,2.07,0.75,0.66,3.47,1.13,0.08
Bryn Forbes,25,4.28,0.71,0.83,0.36,0.12,0.59,3.92,1.43,0.71,0.71,2.14,0.71,0.13
Trent Forrest,23,2.56,1.78,1.89,0.33,0.11,0.78,2.89,1.22,0.11,0.11,0.11,0.0,0.19
Michael Foster Jr.,1,0.0,0.0,0.0,0.0,0.0,0.0,0.0,0.0,0.0,0.0,0.0,0.0,0.0
Evan Fournier,27,8.2,2.42,1.75,0.81,0.13,1.08,8.2,2.82,1.08,0.94,5.65,1.75,0.26
De'Aaron Fox,73,18.57,3.12,4.53,0.82,0.22,1.86,13.52,6.91,4.46,3.49,3.71,1.19,0.25
Markelle Fultz,60,11.59,3.23,4.72,1.24,0.33,1.9,9.36,4.8,1.99,1.57,1.24,0.41,0.24
Wenyen Gabriel,68,3.75,2.87,0.34,0.27,0.34,0.48,2.59,1.57,0.82,0.55,0.34,0.07,0.08
Daniel Gafford,78,6.79,4.23,0.83,0.3,0.98,0.83,3.85,2.79,1.81,1.21,0.0,0.0,0.14
Darius Garland,69,15.36,1.92,5.55,0.85,0.07,2.06,11.66,5.41,3.34,2.85,4.27,1.71,0.21
Usman Garuba,75,1.46,2.0,0.44,0.29,0.19,0.29,1.17,0.54,0.29,0.19,0.39,0.15,0.04
Luka Garza,28,7.14,2.53,0.66,0.11,0.11,0.55,4.5,2.53,2.09,1.65,1.54,0.55,0.27
Rudy Gay,56,4.38,2.44,0.84,0.25,0.25,0.59,4.3,1.6,0.76,0.67,1.94,0.51,0.08
Paul George,56,35.39,9.07,7.58,2.23,0.59,4.61,26.62,12.19,7.88,6.84,11.3,4.16,0.62
Taj Gibson,49,2.49,1.39,0.51,0.22,0.15,0.37,1.91,0.95,0.66,0.44,0.37,0.15,0.07
Josh Giddey,76,15.09,7.18,5.64,0.73,0.36,2.54,13.36,6.45,1.73,1.27,2.82,0.91,0.25
Shai Gilgeous-Alexander,68,27.61,4.22,4.84,1.41,0.88,2.46,17.85,9.15,9.58,8.62,2.2,0.79,0.4
Anthony Gill,59,1.75,0.9,0.32,0.05,0.11,0.16,1.17,0.64,0.58,0.43,0.27,0.05,0.04
Jacob Gilyard,1,-32.06,-42.75,-74.81,-32.06,-0.0,-21.37,-32.06,-10.69,-0.0,-0.0,-32.06,-10.69,-138.93
Rudy Gobert,70,15.6,13.51,1.4,0.93,1.63,1.98,9.08,5.94,5.71,3.61,0.0,0.0,0.37
Jordan Goodwin,62,4.66,2.33,1.91,0.64,0.28,0.64,4.03,1.77,0.78,0.64,1.34,0.42,0.11
Aaron Gordon,68,12.14,4.92,2.23,0.6,0.6,1.04,8.34,4.69,3.43,2.09,1.86,0.67,0.22
Eric Gordon,69,9.68,1.48,2.11,0.47,0.31,1.17,7.41,3.28,1.95,1.64,4.06,1.48,0.12
Eric Gordon,47,15.41,2.47,3.41,0.71,0.47,2.12,12.0,5.29,3.41,2.71,6.12,2.12,0.27
Eric Gordon,22,14.48,2.24,2.77,0.79,0.53,1.32,10.53,4.87,2.24,1.98,6.58,2.77,0.62
Devonte' Graham,73,3.17,0.73,1.16,0.26,0.09,0.3,2.53,0.94,0.77,0.56,1.97,0.69,0.05
Devonte' Graham,53,3.98,1.05,1.65,0.45,0.15,0.38,3.31,1.2,0.83,0.6,2.7,0.9,0.09
Devonte' Graham,20,15.76,3.03,4.85,0.97,0.36,1.58,12.13,4.61,4.37,3.27,8.97,3.27,0.74
Jerami Grant,63,21.49,4.72,2.52,0.84,0.84,1.89,15.2,7.23,5.66,4.61,5.98,2.41,0.31
RaiQuan Gray,1,-314.97,-177.17,-137.8,-0.0,-19.69,-78.74,-236.22,-118.11,-39.37,-39.37,-98.43,-39.37,-452.76
A.J. Green,35,4.61,1.36,0.63,0.21,0.0,0.31,3.77,1.57,0.1,0.1,3.14,1.36,0.13
Danny Green,11,8.02,1.9,0.73,0.73,0.44,1.31,6.56,2.92,0.15,0.15,4.96,2.19,0.63
Danny Green,3,3.96,1.71,0.92,0.4,0.0,1.32,4.88,1.32,0.0,0.0,3.56,1.32,0.7
Danny Green,8,8.37,1.67,0.64,0.77,0.51,1.16,6.18,3.09,0.13,0.13,4.63,2.06,0.97
Draymond Green,73,8.69,7.36,6.95,1.02,0.82,2.86,6.64,3.48,1.53,1.12,1.84,0.51,0.26
Jalen Green,76,16.29,2.73,2.73,0.59,0.15,1.92,13.2,5.46,4.5,3.54,5.38,1.84,0.15
JaMychal Green,57,5.94,3.34,0.84,0.37,0.37,0.84,4.08,2.23,1.11,0.84,1.76,0.65,0.14
Javonte Green,32,6.26,3.37,0.84,0.96,0.84,0.72,4.09,2.29,1.69,1.08,1.32,0.48,0.29
Jeff Green,56,6.05,2.02,0.93,0.23,0.23,0.62,4.58,2.25,1.63,1.24,1.47,0.39,0.11
Josh Green,60,7.53,2.48,1.41,0.58,0.08,0.99,5.3,2.81,1.32,0.91,2.32,0.91,0.13
AJ Griffin,72,5.0,1.18,0.56,0.34,0.11,0.34,4.16,1.91,0.39,0.34,2.02,0.79,0.06
Blake Griffin,41,4.01,3.72,1.47,0.29,0.2,0.49,3.13,1.47,0.78,0.49,1.56,0.59,0.18
Quentin Grimes,71,9.5,2.69,1.77,0.59,0.34,0.84,7.15,3.36,1.18,0.92,4.79,1.85,0.14
Rui Hachimura,63,8.74,3.51,0.7,0.23,0.31,0.62,7.26,3.51,1.48,1.09,1.95,0.62,0.14
Rui Hachimura,30,17.3,5.72,1.6,0.53,0.53,1.6,14.37,7.05,2.53,2.0,3.99,1.33,0.55
Rui Hachimura,33,11.27,5.52,0.82,0.23,0.47,0.59,9.28,4.46,2.11,1.53,2.58,0.7,0.38
Tyrese Haliburton,56,20.45,3.66,10.27,1.58,0.4,2.47,14.82,7.31,3.56,3.06,7.11,2.87,0.46
Jordan Hall,9,4.2,1.76,1.62,0.14,0.0,1.08,4.2,1.35,1.35,1.08,2.3,0.41,0.39
R.J. Hampton,47,5.99,1.78,1.03,0.56,0.19,0.84,4.68,2.06,1.5,1.12,2.34,0.84,0.12
R.J. Hampton,26,6.86,1.81,1.56,0.72,0.24,0.96,5.3,2.29,1.68,1.44,2.41,0.84,0.26
R.J. Hampton,21,9.29,2.93,1.27,0.64,0.25,1.27,7.51,3.18,2.42,1.53,3.82,1.4,0.38
Tim Hardaway Jr.,71,10.9,2.65,1.36,0.53,0.15,0.61,9.01,3.63,1.74,1.36,5.83,2.27,0.13
James Harden,58,23.76,6.9,12.11,1.36,0.57,3.85,16.41,7.24,7.02,6.11,8.15,3.17,0.53
Jaden Hardy,48,8.19,1.77,1.3,0.37,0.09,0.93,6.42,2.79,1.49,1.3,3.07,1.21,0.15
Ron Harper Jr.,9,2.7,0.98,0.49,0.0,0.12,0.0,2.21,1.11,0.12,0.12,1.23,0.37,0.36
Montrezl Harrell,57,3.67,1.83,0.39,0.2,0.26,0.39,2.42,1.44,1.18,0.79,0.07,0.0,0.08
Gary Harris,48,8.67,2.09,1.25,0.94,0.31,0.63,6.68,3.03,0.63,0.63,4.7,2.09,0.19
Joe Harris,74,4.13,1.2,0.76,0.27,0.11,0.33,3.21,1.47,0.22,0.11,2.45,1.03,0.06
Kevon Harris,34,4.34,2.22,0.53,0.53,0.11,0.64,3.28,1.48,1.27,0.95,1.38,0.53,0.15
Tobias Harris,74,13.32,5.16,2.27,0.82,0.45,1.09,10.33,5.16,1.54,1.36,3.99,1.54,0.21
Shaquille Harrison,5,-10.62,-5.31,-7.24,-2.65,-0.48,-1.45,-8.69,-3.62,-3.62,-2.65,-2.41,-0.72,-3.76
Josh Hart,76,7.54,6.0,2.92,0.92,0.23,1.15,5.23,2.77,1.77,1.31,1.69,0.62,0.18
Josh Hart,51,10.72,9.25,4.4,1.24,0.23,1.69,8.01,4.06,2.6,1.92,2.48,0.79,0.38
Josh Hart,25,13.31,9.13,4.7,1.83,0.65,1.96,8.22,4.83,3.0,2.35,2.74,1.44,0.94
Isaiah Hartenstein,82,2.92,3.8,0.7,0.35,0.47,0.47,2.34,1.23,0.53,0.35,0.29,0.06,0.08
Udonis Haslem,7,4.55,1.87,0.0,0.12,0.35,0.12,4.79,1.63,0.82,0.7,1.52,0.47,0.5
Sam Hauser,80,3.11,1.26,0.44,0.19,0.15,0.19,2.43,1.12,0.1,0.1,2.04,0.88,0.04
Jaxson Hayes,47,4.41,2.47,0.62,0.35,0.35,0.62,2.91,1.59,1.59,1.06,0.53,0.09,0.12
Killian Hayes,76,5.85,1.65,3.52,0.8,0.23,1.31,6.08,2.27,0.85,0.68,2.16,0.63,0.09
Gordon Hayward,50,15.16,4.43,4.23,0.82,0.21,2.06,11.96,5.67,3.3,2.68,3.3,1.03,0.32
Juancho HernangÃ³mez,42,2.9,2.9,0.6,0.4,0.1,0.4,2.7,1.1,0.4,0.2,1.6,0.4,0.11
Willy HernangÃ³mez,38,7.34,5.0,0.96,0.43,0.32,1.06,4.68,2.45,2.87,2.23,0.32,0.11,0.27
Tyler Herro,67,24.69,6.63,5.16,0.98,0.25,2.95,20.39,8.97,3.32,3.07,9.83,3.69,0.34
Buddy Hield,80,16.8,5.0,2.8,1.2,0.3,1.7,13.0,5.9,1.6,1.3,8.5,3.6,0.21
Haywood Highsmith,54,4.02,3.19,0.73,0.64,0.27,0.73,3.65,1.55,0.46,0.18,1.83,0.64,0.11
George Hill,46,4.2,1.51,2.01,0.5,0.08,0.59,3.02,1.43,1.01,0.76,1.76,0.59,0.13
George Hill,35,5.06,1.92,2.53,0.51,0.1,0.81,3.84,1.72,1.31,1.01,2.12,0.71,0.19
George Hill,11,5.36,1.65,1.96,0.62,0.31,0.62,3.2,1.75,0.82,0.72,1.96,1.03,0.7
Malcolm Hill,5,1.29,0.78,0.0,0.0,0.0,0.0,1.04,0.52,0.0,0.0,0.78,0.26,0.31
Aaron Holiday,63,1.97,0.61,0.71,0.3,0.1,0.3,1.77,0.76,0.25,0.2,0.71,0.3,0.04
Jrue Holiday,67,21.21,5.6,8.13,1.32,0.44,3.19,16.81,8.02,2.86,2.53,6.7,2.64,0.36
Justin Holiday,46,4.49,1.2,0.9,0.4,0.4,0.5,4.39,1.7,0.2,0.1,3.1,1.0,0.09
Justin Holiday,28,5.59,0.99,1.12,0.25,0.5,0.5,5.59,2.11,0.0,0.0,3.85,1.37,0.16
Justin Holiday,18,6.53,2.67,1.33,1.19,0.74,0.89,6.53,2.37,0.59,0.44,4.6,1.33,0.4
Richaun Holmes,42,2.81,1.72,0.18,0.09,0.27,0.27,1.9,1.18,0.45,0.36,0.18,0.09,0.09
Al Horford,63,10.49,6.63,3.21,0.54,1.07,0.64,8.13,3.85,0.32,0.21,5.56,2.46,0.27
Talen Horton-Tucker,65,7.86,2.35,2.79,0.44,0.29,1.39,6.9,2.94,1.91,1.39,2.28,0.66,0.12
Danuel House Jr.,56,3.43,1.22,0.57,0.21,0.14,0.36,2.5,1.22,0.79,0.57,1.43,0.5,0.06
Caleb Houstan,51,3.18,1.59,0.5,0.17,0.08,0.34,3.02,1.09,0.34,0.25,2.26,0.75,0.06
Trevor Hudgins,5,2.49,0.0,0.83,0.0,0.0,0.28,2.49,0.55,0.83,0.83,2.22,0.55,0.22
Kevin Huerter,75,12.92,2.8,2.46,0.93,0.25,1.1,9.77,4.76,1.44,1.1,5.78,2.29,0.17
Jay Huff,7,3.79,1.56,0.73,0.21,0.31,0.36,1.87,1.09,1.2,1.09,0.88,0.47,0.76
De'Andre Hunter,67,12.72,3.47,1.16,0.41,0.25,0.99,10.16,4.71,2.56,2.15,3.55,1.24,0.17
Bones Hyland,56,11.4,2.32,2.99,0.68,0.29,1.45,9.85,3.96,1.74,1.45,5.41,2.03,0.18
Bones Hyland,42,14.26,2.36,3.54,0.83,0.35,1.89,12.14,4.83,2.36,2.0,6.72,2.59,0.28
Bones Hyland,14,11.83,3.83,3.72,0.88,0.11,1.2,10.73,4.27,1.53,1.2,5.8,2.08,0.89
Serge Ibaka,16,5.54,3.78,0.41,0.14,0.54,0.95,4.59,2.16,1.08,0.68,1.49,0.54,0.42
Andre Iguodala,8,2.59,2.59,2.96,0.62,0.49,1.36,2.34,1.11,0.49,0.37,1.36,0.12,0.81
Joe Ingles,46,7.43,3.02,3.56,0.75,0.11,1.29,5.82,2.48,0.54,0.43,4.74,1.94,0.22
Brandon Ingram,45,30.16,6.72,7.08,0.85,0.49,4.03,22.71,10.99,7.33,6.47,4.4,1.71,0.63
Kyrie Irving,60,36.47,6.86,7.4,1.48,1.08,2.83,27.05,13.32,6.19,5.52,11.17,4.17,0.61
Kyrie Irving,40,42.85,8.06,8.38,1.58,1.26,3.64,32.41,15.81,7.11,6.32,13.76,5.22,1.03
Kyrie Irving,20,29.29,5.42,6.51,1.41,0.65,2.06,20.82,10.63,5.1,4.88,8.03,3.15,1.54
Jonathan Isaac,11,5.64,4.51,0.56,1.47,0.45,0.45,5.41,2.26,0.9,0.56,1.58,0.56,0.79
Jaden Ivey,74,11.58,2.77,3.69,0.57,0.14,2.27,9.45,3.91,3.41,2.56,3.34,1.14,0.13
Frank Jackson,1,0.0,2.98,1.49,0.0,0.0,0.0,4.47,0.0,0.0,0.0,1.49,0.0,0.0
Isaiah Jackson,63,6.23,3.9,0.69,0.43,1.3,0.69,4.33,2.42,1.99,1.3,0.17,0.0,0.15
Jaren Jackson Jr.,63,31.76,11.61,1.71,1.71,5.12,2.9,22.19,11.27,8.37,6.49,7.68,2.73,0.58
Justin Jackson,23,1.05,0.81,0.47,0.23,0.23,0.12,1.4,0.35,0.12,0.0,1.05,0.23,0.07
Quenton Jackson,9,5.5,0.8,1.51,0.36,0.09,0.36,4.17,1.86,2.13,1.69,1.15,0.09,0.57
Reggie Jackson,68,7.36,1.52,2.45,0.51,0.07,1.23,6.79,2.82,0.79,0.72,3.03,1.01,0.1
Reggie Jackson,52,10.82,2.18,3.47,0.69,0.1,1.79,9.73,4.07,1.29,1.19,4.17,1.49,0.19
Reggie Jackson,16,10.44,2.38,4.1,0.79,0.13,1.59,10.57,4.1,1.06,0.79,5.68,1.59,0.59
LeBron James,55,42.72,12.27,10.05,1.33,0.89,4.73,32.81,16.41,8.72,6.8,10.2,3.25,0.8
Ty Jerome,45,5.42,1.33,2.35,0.39,0.08,0.55,4.24,2.04,0.71,0.63,1.57,0.63,0.15
Isaiah Joe,73,5.54,1.4,0.7,0.41,0.06,0.29,4.08,1.81,0.82,0.64,3.15,1.28,0.08
Alize Johnson,4,2.05,2.84,0.34,0.34,0.0,1.14,1.7,0.91,0.57,0.34,0.57,0.0,0.85
Cameron Johnson,42,19.24,5.46,2.36,1.49,0.37,1.12,14.03,6.58,3.6,2.98,7.57,3.1,0.47
Cameron Johnson,17,16.23,4.44,1.75,1.05,0.47,0.7,11.91,5.61,2.22,1.87,6.77,3.04,0.98
Cameron Johnson,25,23.09,6.68,2.92,1.95,0.42,1.53,16.69,7.79,4.87,4.17,8.62,3.2,0.96
Jalen Johnson,70,3.43,2.45,0.74,0.31,0.31,0.37,2.82,1.41,0.67,0.43,0.92,0.25,0.07
James Johnson,18,3.47,2.11,0.99,0.5,0.37,0.5,3.35,1.49,0.5,0.25,0.99,0.25,0.27
Keldon Johnson,63,21.91,4.98,2.89,0.7,0.2,2.09,17.63,7.97,5.18,3.88,6.47,2.09,0.28
Keon Johnson,40,4.66,1.09,1.49,0.5,0.2,1.09,4.47,1.69,0.99,0.69,1.98,0.69,0.1
Stanley Johnson,30,6.6,3.64,2.5,0.57,0.23,1.25,4.66,2.5,1.48,1.02,1.48,0.68,0.32
Nikola JokiÄ‡,69,33.58,16.17,13.43,1.78,0.96,4.93,20.29,12.88,8.22,6.72,3.02,1.1,0.75
Carlik Jones,7,3.02,0.73,0.94,0.31,0.0,0.31,2.18,0.94,1.14,0.73,0.94,0.42,0.43
Damian Jones,41,3.69,3.17,0.42,0.21,0.53,0.63,2.22,1.37,0.74,0.53,0.42,0.21,0.16
Damian Jones,22,3.14,3.14,0.25,0.13,0.63,0.5,2.13,1.13,1.13,0.88,0.13,0.0,0.25
Damian Jones,19,6.1,4.64,0.8,0.4,0.66,0.93,3.45,2.39,0.66,0.53,0.93,0.66,0.56
Derrick Jones Jr.,64,3.25,1.56,0.32,0.32,0.39,0.26,2.34,1.17,0.84,0.65,0.84,0.26,0.06
Herbert Jones,66,8.38,3.51,2.14,1.37,0.51,1.11,6.5,3.08,2.05,1.62,2.14,0.68,0.16
Kai Jones,46,3.57,2.84,0.32,0.42,0.74,0.74,2.73,1.58,0.63,0.42,0.42,0.11,0.13
Tre Jones,68,5.86,1.64,3.0,0.59,0.05,0.73,4.95,2.27,1.14,1.0,1.04,0.32,0.11
Tyus Jones,80,2.48,0.6,1.25,0.24,0.02,0.22,2.14,0.94,0.31,0.24,0.99,0.36,0.04
DeAndre Jordan,39,6.45,6.58,1.14,0.38,0.76,1.52,3.67,2.91,1.52,0.76,0.0,0.0,0.32
Cory Joseph,62,3.55,0.87,1.8,0.26,0.05,0.46,2.93,1.23,0.62,0.46,1.49,0.57,0.07
Nikola JoviÄ‡,15,7.61,2.9,0.97,0.69,0.14,0.97,6.36,2.63,1.8,1.66,3.18,0.69,0.5
Johnny Juzang,18,6.79,3.11,0.57,0.28,0.28,0.28,8.21,2.69,0.28,0.14,4.95,1.13,0.28
Mfiondu Kabengele,4,1.58,2.63,0.0,0.53,0.0,0.32,1.89,0.53,0.53,0.53,0.84,0.0,0.77
Frank Kaminsky,36,2.36,1.32,0.85,0.19,0.09,0.28,1.7,0.85,0.38,0.38,0.85,0.38,0.1
Frank Kaminsky,26,2.93,1.52,0.87,0.22,0.0,0.33,1.85,1.09,0.54,0.43,0.98,0.43,0.16
Frank Kaminsky,10,2.11,1.88,1.29,0.12,0.35,0.0,2.23,0.7,0.47,0.47,1.17,0.23,0.42
Trevor Keels,3,1.38,0.97,0.0,0.0,0.0,0.0,1.8,0.41,0.0,0.0,1.8,0.41,0.32
Luke Kennard,59,7.71,2.24,1.24,0.41,0.08,0.66,5.39,2.65,0.58,0.5,3.81,1.91,0.14
Luke Kennard,35,9.53,2.93,1.34,0.61,0.12,1.1,7.33,3.42,0.73,0.61,4.64,2.08,0.27
Luke Kennard,24,13.42,3.68,2.73,0.59,0.0,0.83,8.43,4.51,0.95,0.95,6.77,3.68,0.65
Walker Kessler,74,10.1,9.22,0.99,0.44,2.53,0.88,6.15,4.39,2.31,1.21,0.0,0.0,0.26
Braxton Key,3,1.3,0.3,0.0,0.0,0.0,0.0,0.3,0.3,0.7,0.7,0.0,0.0,0.53
Louis King,1,-324.72,-64.94,-32.47,-16.24,-0.0,-32.47,-211.07,-129.89,-16.24,-0.0,-129.89,-64.94,-308.48
Corey Kispert,74,7.25,1.83,0.78,0.26,0.07,0.46,5.16,2.55,0.78,0.65,3.4,1.44,0.09
Maxi Kleber,37,7.58,4.62,1.8,0.39,1.03,0.9,5.91,2.7,1.28,0.9,3.85,1.41,0.3
Nathan Knight,38,3.51,1.42,0.28,0.28,0.19,0.57,1.99,1.14,1.42,0.95,0.57,0.19,0.1
Kevin Knox,63,5.24,2.22,0.4,0.32,0.16,0.64,4.21,1.91,0.79,0.56,2.38,0.79,0.08
Kevin Knox,42,6.6,3.06,0.47,0.35,0.35,0.94,5.07,2.36,0.94,0.71,3.3,1.18,0.16
Kevin Knox,21,11.46,4.45,1.21,0.67,0.0,1.21,9.84,4.31,1.75,1.35,4.45,1.35,0.51
Christian Koloko,58,2.24,2.09,0.36,0.29,0.72,0.22,1.88,0.87,0.72,0.43,0.14,0.0,0.07
John Konchar,72,3.32,2.8,0.91,0.72,0.2,0.33,2.86,1.24,0.33,0.26,1.63,0.52,0.08
Furkan Korkmaz,37,3.56,1.03,0.56,0.28,0.09,0.56,2.81,1.22,0.94,0.66,1.13,0.47,0.08
Luke Kornet,69,2.19,1.67,0.46,0.12,0.4,0.23,1.44,0.92,0.35,0.29,0.12,0.0,0.06
Vit Krejci,29,1.22,0.92,0.61,0.2,0.0,0.2,1.33,0.51,0.1,0.0,0.71,0.2,0.06
Jonathan Kuminga,67,7.18,2.47,1.38,0.44,0.36,1.02,5.37,2.83,1.52,0.94,1.6,0.58,0.12
Kyle Kuzma,64,30.68,10.42,5.35,0.87,0.72,4.34,25.76,11.58,5.35,3.91,10.85,3.62,0.43
Anthony Lamb,62,5.63,2.94,1.26,0.42,0.25,0.76,4.29,2.02,0.84,0.59,2.69,1.01,0.12
Jock Landale,69,4.36,2.71,0.66,0.13,0.26,0.59,3.23,1.72,0.99,0.73,0.79,0.2,0.09
Romeo Langford,43,6.45,2.53,1.12,0.56,0.28,0.65,5.61,2.62,1.22,0.84,1.31,0.37,0.16
Jake LaRavia,35,3.33,2.0,0.67,0.33,0.11,0.56,3.0,1.22,0.33,0.22,2.22,0.78,0.11
Zach LaVine,77,23.07,4.19,3.91,0.84,0.19,2.33,16.74,8.09,5.21,4.37,6.6,2.42,0.26
A.J. Lawson,15,4.51,1.71,0.12,0.12,0.0,0.24,3.53,1.83,0.61,0.12,2.07,0.85,0.27
A.J. Lawson,1,-2.66,-1.33,-0.0,-0.0,-0.0,-0.0,-1.33,-1.33,-0.0,-0.0,-0.0,-0.0,-3.99
A.J. Lawson,14,4.72,1.69,0.12,0.12,0.0,0.24,3.75,1.81,0.73,0.12,2.18,0.85,0.28
Damion Lee,74,4.7,1.72,0.74,0.23,0.06,0.63,3.49,1.55,0.8,0.74,1.89,0.86,0.06
Saben Lee,25,5.76,1.73,2.59,0.77,0.0,0.96,4.61,1.92,2.21,1.63,1.15,0.38,0.27
Saben Lee,2,2.14,0.0,0.71,0.36,0.0,1.07,1.43,1.07,0.0,0.0,0.36,0.0,0.89
Saben Lee,23,5.73,1.82,2.55,0.73,0.0,0.82,4.64,1.82,2.27,1.64,1.18,0.45,0.28
Alex Len,26,2.08,2.82,0.61,0.25,0.49,0.74,1.47,0.74,0.74,0.49,0.12,0.0,0.17
Kawhi Leonard,52,27.9,7.62,4.57,1.64,0.59,1.99,19.69,10.08,6.33,5.51,5.63,2.34,0.57
Meyers Leonard,9,5.79,4.59,0.12,0.24,0.0,0.84,3.86,1.93,1.21,1.09,2.41,0.97,0.87
Caris LeVert,74,7.28,2.29,2.35,0.6,0.18,0.96,6.02,2.59,1.44,1.08,2.65,1.02,0.11
Kira Lewis Jr.,25,5.04,1.42,0.99,0.44,0.11,0.44,3.83,1.75,0.99,0.88,1.53,0.66,0.22
Damian Lillard,58,48.24,7.19,10.94,1.35,0.45,4.94,31.01,14.38,14.38,13.18,16.93,6.29,0.78
Nassir Little,54,5.83,2.3,0.8,0.35,0.35,0.62,4.95,2.21,0.8,0.53,2.56,0.97,0.11
Isaiah Livers,52,7.0,2.92,0.84,0.52,0.52,0.63,5.74,2.4,0.84,0.63,4.07,1.46,0.15
Kenneth Lofton Jr.,24,5.36,2.25,0.86,0.21,0.11,0.54,4.18,2.15,1.18,0.75,0.75,0.32,0.24
Kevon Looney,82,3.32,4.41,1.18,0.28,0.28,0.24,2.23,1.42,0.9,0.52,0.0,0.0,0.1
Brook Lopez,78,22.94,9.67,1.88,0.72,3.61,2.02,16.59,8.8,3.46,2.74,6.78,2.45,0.36
Robin Lopez,37,3.03,1.41,0.5,0.1,0.2,0.71,2.02,1.31,0.5,0.4,0.1,0.1,0.1
Kevin Love,62,8.88,6.93,2.06,0.32,0.22,1.19,7.36,2.92,1.62,1.41,5.2,1.73,0.21
Kevin Love,41,11.84,9.47,2.65,0.28,0.28,1.53,9.75,3.76,2.09,1.95,6.69,2.37,0.42
Kevin Love,21,12.1,8.96,2.99,0.63,0.31,1.73,10.37,4.09,2.04,1.73,7.55,2.2,0.79
Kyle Lowry,55,12.69,4.65,5.78,1.13,0.45,2.15,9.97,4.08,2.83,2.38,6.35,2.15,0.29
Trey Lyles,74,5.3,2.86,0.63,0.28,0.28,0.63,3.84,1.74,1.19,0.98,2.23,0.84,0.08
ThÃ©o Maledon,44,6.57,2.75,3.43,0.78,0.29,1.27,5.69,2.26,1.67,1.37,2.16,0.59,0.2
Sandro Mamukelashvili,43,6.57,4.63,1.51,0.32,0.32,0.86,5.71,2.48,1.4,0.97,2.48,0.75,0.2
Sandro Mamukelashvili,24,2.88,2.76,0.84,0.24,0.24,0.48,2.88,0.96,0.96,0.6,1.56,0.36,0.18
Sandro Mamukelashvili,19,14.2,8.94,3.16,0.66,0.53,1.84,11.97,5.39,2.76,1.84,4.6,1.58,0.96
Terance Mann,81,3.5,1.35,0.92,0.2,0.12,0.4,2.59,1.35,0.6,0.44,0.96,0.4,0.05
Tre Mann,67,5.06,1.51,1.18,0.39,0.13,0.59,4.93,1.91,0.53,0.39,2.5,0.79,0.07
Boban MarjanoviÄ‡,31,3.46,1.99,0.31,0.21,0.1,0.52,1.99,1.36,0.94,0.63,0.0,0.0,0.15
Lauri Markkanen,66,38.02,12.77,2.82,0.89,0.89,2.82,25.7,12.92,8.91,7.87,11.44,4.46,0.59
Naji Marshall,77,4.44,1.76,1.22,0.34,0.1,0.63,3.61,1.56,1.12,0.88,1.37,0.44,0.06
Caleb Martin,71,7.83,3.92,1.31,0.82,0.33,0.9,6.28,2.94,1.31,1.06,2.69,0.98,0.14
Cody Martin,7,3.77,2.56,1.21,0.45,0.08,0.23,3.85,1.51,0.75,0.45,1.51,0.3,0.75
Kenyon Martin Jr.,82,7.63,3.31,0.9,0.3,0.24,0.66,5.29,3.0,1.62,1.08,1.56,0.48,0.11
Tyrese Martin,16,1.6,0.99,0.12,0.12,0.0,0.12,1.72,0.74,0.12,0.12,0.49,0.12,0.11
Garrison Mathews,54,3.88,1.13,0.4,0.32,0.08,0.32,2.99,1.13,0.81,0.73,2.67,0.97,0.06
Garrison Mathews,45,4.63,1.35,0.48,0.48,0.1,0.39,3.67,1.26,0.97,0.87,3.28,1.16,0.1
Garrison Mathews,9,5.63,1.41,0.35,0.12,0.12,0.12,3.98,1.64,1.05,0.94,3.28,1.29,0.56
Bennedict Mathurin,78,10.13,2.49,0.91,0.36,0.12,1.15,7.4,3.22,3.52,2.91,2.43,0.79,0.1
Wesley Matthews,52,2.91,1.88,0.6,0.34,0.26,0.26,2.65,0.94,0.43,0.43,2.05,0.68,0.08
Tyrese Maxey,60,15.66,2.24,2.7,0.62,0.08,1.0,11.72,5.63,2.78,2.31,4.78,2.08,0.23
Skylar Mays,6,-21.28,-4.45,-11.54,-1.39,-0.28,-2.36,-15.71,-7.93,-3.06,-2.78,-5.98,-2.78,-4.76
Miles McBride,64,1.59,0.36,0.5,0.27,0.05,0.18,1.54,0.55,0.32,0.18,0.95,0.27,0.02
Mac McClung,2,-60.54,-24.22,-21.79,-0.0,-0.0,-7.26,-48.43,-21.79,-12.11,-7.26,-26.64,-9.69,-33.9
CJ McCollum,75,16.58,3.49,4.52,0.71,0.4,1.9,14.2,6.19,2.54,1.9,5.71,2.22,0.2
T.J. McConnell,75,4.09,1.46,2.49,0.52,0.05,0.89,3.24,1.79,0.42,0.38,0.38,0.14,0.08
Jaden McDaniels,79,9.47,3.05,1.49,0.7,0.78,1.1,7.12,3.68,1.41,1.02,2.66,1.1,0.13
Jalen McDaniels,80,5.96,2.73,1.02,0.63,0.25,0.76,4.89,2.22,1.08,0.95,1.84,0.63,0.09
Jalen McDaniels,56,12.17,5.51,2.3,1.38,0.57,1.61,10.1,4.48,2.18,1.84,4.13,1.38,0.25
Jalen McDaniels,24,7.8,3.73,0.93,0.82,0.23,0.58,5.94,2.91,1.63,1.4,1.51,0.58,0.41
Doug McDermott,64,7.38,1.59,1.01,0.14,0.07,0.65,5.93,2.68,0.8,0.58,3.4,1.37,0.09
JaVale McGee,42,4.71,2.68,0.32,0.11,0.64,0.96,3.21,2.03,1.07,0.64,0.11,0.0,0.14
Bryce McGowens,46,4.4,1.66,1.0,0.25,0.08,0.75,3.65,1.41,1.41,1.08,1.41,0.5,0.09
Rodney McGruder,32,6.04,2.44,0.95,0.53,0.0,0.32,5.09,2.01,0.74,0.64,3.18,1.38,0.2
Jordan McLaughlin,43,3.05,1.16,2.81,0.58,0.08,0.66,2.81,1.16,0.33,0.25,1.49,0.5,0.12
De'Anthony Melton,77,8.34,3.39,2.15,1.32,0.41,1.07,7.02,2.97,0.91,0.74,4.3,1.65,0.13
Sam Merrill,5,3.43,1.24,0.69,0.55,0.0,0.0,3.02,1.24,0.27,0.27,2.47,0.69,0.82
Chimezie Metu,66,2.85,1.74,0.35,0.17,0.17,0.29,1.92,1.16,0.64,0.46,0.35,0.06,0.06
Khris Middleton,33,20.36,5.66,6.61,0.94,0.27,2.97,16.59,7.28,4.18,3.78,6.61,2.02,0.65
Patty Mills,40,6.54,1.16,1.48,0.42,0.11,0.84,5.49,2.32,0.84,0.63,3.59,1.27,0.14
Shake Milton,76,3.17,0.94,1.21,0.11,0.08,0.45,2.49,1.21,0.57,0.49,0.72,0.26,0.05
Justin Minaya,4,3.71,3.28,0.86,0.43,1.12,0.86,5.0,1.55,0.26,0.0,2.59,0.69,1.21
Josh Minott,15,3.89,2.13,0.38,0.38,0.5,0.25,3.01,1.51,0.63,0.63,0.5,0.13,0.36
Davion Mitchell,80,1.75,0.41,0.72,0.19,0.06,0.25,1.57,0.72,0.13,0.09,0.78,0.25,0.03
Donovan Mitchell,68,36.98,5.62,5.75,1.96,0.52,3.4,26.92,13.07,7.06,6.14,12.15,4.7,0.48
Evan Mobley,79,15.88,8.82,2.74,0.78,1.47,1.76,11.76,6.47,3.72,2.55,1.27,0.29,0.27
Isaiah Mobley,13,2.96,1.85,0.25,0.37,0.25,0.12,2.72,1.11,0.37,0.37,0.74,0.25,0.31
Chima Moneke,2,1.53,1.53,0.77,0.0,0.0,1.53,1.53,0.77,1.53,0.0,0.0,0.0,0.0
Malik Monk,77,9.36,1.8,2.7,0.42,0.21,1.32,7.14,3.19,1.87,1.66,3.61,1.32,0.12
Moses Moody,63,2.76,0.98,0.46,0.17,0.06,0.29,2.07,0.98,0.46,0.35,1.21,0.46,0.05
Xavier Moon,4,1.78,0.79,1.28,0.0,0.0,0.3,2.27,0.79,0.0,0.0,0.79,0.3,0.52
Wendell Moore Jr.,29,1.51,0.65,0.65,0.32,0.22,0.32,1.61,0.65,0.22,0.11,0.65,0.11,0.06
Ja Morant,61,21.33,4.8,6.59,0.9,0.24,2.77,16.2,7.57,6.59,4.97,3.99,1.22,0.34
Marcus Morris,65,9.13,3.26,1.47,0.49,0.24,0.73,8.07,3.42,1.06,0.82,3.83,1.39,0.14
Markieff Morris,35,4.07,2.14,0.96,0.32,0.11,0.54,3.54,1.39,0.32,0.32,2.14,0.86,0.14
Markieff Morris,27,4.36,2.67,1.09,0.36,0.24,0.61,3.64,1.45,0.48,0.48,2.18,0.85,0.22
Markieff Morris,8,5.64,1.88,1.0,0.13,0.0,0.63,5.14,2.26,0.0,0.0,3.51,1.25,0.64
Monte Morris,62,6.25,2.06,3.22,0.42,0.12,0.61,5.04,2.43,0.73,0.61,2.0,0.79,0.14
Trey Murphy III,79,11.63,2.89,1.12,0.88,0.4,0.64,8.1,3.93,1.92,1.76,5.05,2.09,0.15
Dejounte Murray,74,16.29,4.21,4.85,1.19,0.24,1.75,14.14,6.59,2.07,1.67,4.13,1.43,0.23
Jamal Murray,65,17.43,3.49,5.4,0.87,0.17,1.92,13.95,6.36,2.88,2.44,5.75,2.27,0.27
Keegan Murray,80,9.65,3.64,0.95,0.63,0.4,0.63,7.75,3.48,0.79,0.63,4.98,2.06,0.13
Mike Muscala,63,4.62,2.43,0.61,0.15,0.3,0.3,3.49,1.59,0.61,0.45,2.5,0.99,0.09
Mike Muscala,43,6.56,3.28,0.95,0.32,0.42,0.32,4.97,2.22,0.95,0.74,3.49,1.37,0.19
Mike Muscala,20,8.19,4.72,0.83,0.28,0.42,0.69,6.24,2.91,0.97,0.69,4.58,1.8,0.5
Svi Mykhailiuk,32,7.44,1.83,1.83,0.54,0.11,0.86,5.82,2.59,1.29,0.86,3.34,1.4,0.23
Svi Mykhailiuk,13,1.98,0.62,0.12,0.12,0.0,0.25,1.11,0.62,0.5,0.25,0.99,0.62,0.15
Svi Mykhailiuk,19,12.68,2.87,3.23,0.84,0.24,1.44,10.17,4.43,2.15,1.44,5.62,2.27,0.63
Larry Nance Jr.,65,5.08,4.04,1.35,0.67,0.45,0.45,3.51,2.17,0.9,0.6,0.45,0.15,0.15
Andrew Nembhard,75,5.53,1.57,2.62,0.52,0.12,0.99,5.01,2.21,0.47,0.41,2.04,0.7,0.09
Aaron Nesmith,73,7.72,2.9,0.99,0.61,0.38,0.76,6.19,2.67,1.45,1.22,3.28,1.22,0.11
Raul Neto,48,2.39,0.72,1.16,0.29,0.07,0.36,1.67,0.87,0.51,0.43,0.65,0.22,0.07
Georges Niang,78,4.61,1.35,0.56,0.22,0.11,0.39,3.6,1.57,0.34,0.28,2.75,1.12,0.06
Daishen Nix,57,3.33,1.41,1.91,0.42,0.08,1.25,3.49,1.16,0.5,0.33,2.08,0.58,0.06
Zeke Nnaji,53,4.53,2.26,0.26,0.26,0.35,0.52,3.22,1.83,1.04,0.7,1.04,0.26,0.1
Nerlens Noel,17,2.86,3.68,0.82,1.23,0.82,1.09,2.86,1.09,0.95,0.68,0.14,0.14,0.37
Nerlens Noel,14,3.03,3.42,0.66,1.19,0.79,0.79,2.77,1.19,0.92,0.66,0.13,0.13,0.46
Nerlens Noel,3,1.09,3.27,1.09,1.09,0.33,1.85,2.18,0.33,0.76,0.33,0.0,0.0,0.9
Jaylen Nowell,65,7.6,1.83,1.41,0.42,0.07,0.7,6.75,3.03,1.06,0.84,2.53,0.7,0.11
Frank Ntilikina,47,2.27,1.02,0.94,0.23,0.08,0.47,2.19,0.78,0.55,0.39,1.1,0.31,0.05
Kendrick Nunn,70,4.01,0.9,0.73,0.23,0.06,0.51,3.61,1.52,0.34,0.28,1.81,0.62,0.05
Kendrick Nunn,39,7.28,1.52,0.98,0.33,0.11,0.87,6.95,2.82,0.54,0.43,3.48,1.2,0.13
Kendrick Nunn,31,9.25,2.1,2.22,0.62,0.12,1.36,7.89,3.58,0.74,0.74,3.82,1.48,0.28
Jusuf NurkiÄ‡,52,17.91,12.26,3.91,1.08,1.08,3.1,13.07,6.73,4.98,3.23,3.1,1.08,0.48
Jordan Nwora,62,6.99,2.97,1.12,0.32,0.16,0.88,5.78,2.49,1.12,0.88,2.73,1.12,0.11
Jordan Nwora,38,6.84,3.53,1.14,0.34,0.23,1.03,5.93,2.28,1.25,1.14,3.08,1.25,0.19
Jordan Nwora,24,17.16,6.2,2.77,0.66,0.4,1.72,13.6,6.47,2.38,1.72,5.94,2.51,0.74
Royce O'Neale,76,7.51,4.35,3.16,0.77,0.51,1.28,6.66,2.56,0.77,0.6,4.7,1.79,0.15
Chuma Okeke,27,6.38,4.89,1.9,0.95,0.54,0.81,6.11,2.17,1.09,0.81,4.34,1.36,0.35
Josh Okogie,72,3.85,1.85,0.79,0.42,0.26,0.48,3.06,1.21,1.43,1.0,1.43,0.48,0.06
Onyeka Okongwu,80,8.13,5.91,0.82,0.57,1.07,0.82,5.09,3.28,2.05,1.56,0.16,0.08,0.16
Isaac Okoro,76,2.94,1.15,0.51,0.32,0.18,0.28,2.16,1.06,0.64,0.46,1.06,0.37,0.05
KZ Okpala,35,1.27,0.98,0.39,0.2,0.2,0.2,1.07,0.49,0.2,0.2,0.59,0.2,0.07
Victor Oladipo,42,14.05,3.94,4.59,1.84,0.39,2.76,12.6,4.99,2.49,1.84,6.56,2.23,0.33
Kelly Olynyk,68,14.06,6.97,4.16,1.01,0.56,2.81,9.22,4.61,3.82,3.26,3.94,1.57,0.28
Eugene Omoruyi,40,7.46,2.98,0.75,0.75,0.11,0.96,6.07,2.66,2.02,1.38,2.34,0.64,0.17
Eugene Omoruyi,23,5.96,2.8,0.61,0.73,0.0,0.85,4.99,2.31,1.46,0.85,1.58,0.36,0.26
Eugene Omoruyi,17,12.62,4.55,1.3,1.04,0.26,1.43,10.28,4.42,3.64,2.6,4.42,1.3,0.68
Cedi Osman,77,3.81,1.01,0.66,0.22,0.04,0.31,3.02,1.36,0.61,0.44,1.8,0.66,0.05
Kelly Oubre Jr.,48,26.64,6.82,1.44,1.84,0.52,1.71,22.44,9.71,5.64,4.33,9.32,3.02,0.45
Chris Paul,59,9.96,3.08,6.37,1.07,0.29,1.36,8.09,3.58,1.93,1.65,3.15,1.22,0.25
Cameron Payne,48,9.55,2.04,4.17,0.65,0.19,1.58,8.72,3.62,1.21,0.93,3.62,1.3,0.2
Gary Payton II,22,5.87,3.96,1.79,1.28,0.26,0.89,3.96,2.42,0.38,0.38,1.53,0.77,0.48
Gary Payton II,15,5.04,3.2,1.84,1.35,0.12,0.98,3.32,1.97,0.37,0.37,1.35,0.74,0.61
Gary Payton II,7,3.66,2.76,0.71,0.58,0.38,0.38,2.57,1.54,0.26,0.19,0.83,0.38,0.94
Theo Pinson,40,2.12,1.41,1.06,0.18,0.0,0.26,1.94,0.71,0.26,0.26,1.41,0.53,0.08
Scotty Pippen Jr.,6,2.69,0.82,0.35,0.35,0.23,0.35,2.34,0.82,1.76,0.94,0.59,0.23,0.29
Mason Plumlee,79,6.6,5.44,1.89,0.37,0.37,0.92,3.73,2.57,2.44,1.53,0.0,0.0,0.15
Mason Plumlee,56,11.11,8.83,3.37,0.55,0.55,1.46,6.47,4.28,4.19,2.55,0.0,0.0,0.35
Mason Plumlee,23,9.97,9.17,2.26,0.66,0.66,1.73,5.05,3.72,3.32,2.53,0.0,0.0,0.82
Jakob Poeltl,72,12.51,9.11,2.7,0.9,1.2,1.7,8.61,5.41,2.8,1.7,0.0,0.0,0.28
Jakob Poeltl,46,16.61,12.35,4.25,1.1,1.51,2.88,11.53,7.14,3.84,2.33,0.0,0.0,0.59
Jakob Poeltl,26,17.33,12.04,2.91,1.59,1.72,1.46,11.64,7.67,3.7,2.12,0.0,0.0,1.1
Aleksej Pokusevski,34,12.23,7.1,2.87,0.91,1.96,1.96,11.02,4.83,1.51,0.91,4.68,1.66,0.48
Jordan Poole,82,18.85,2.5,4.16,0.74,0.28,2.86,14.42,6.19,4.71,4.07,7.21,2.4,0.18
Kevin Porter Jr.,59,23.6,6.51,7.01,1.72,0.37,3.93,18.44,8.11,5.53,4.3,7.99,2.95,0.41
Michael Porter Jr.,62,21.81,6.89,1.25,0.75,0.63,1.38,16.55,8.02,2.38,1.88,9.15,3.76,0.34
